date,open,high,low,close,adjclose,volume,ticker
1/4/2021,65031.75781,66226.21875,64567.24609,65695.35156,65695.35156,1368164,VCB.VN
1/5/2021,65695.35156,66757.09375,65695.35156,65894.42188,65894.42188,1651969,VCB.VN
1/6/2021,66027.14063,70473.19531,65894.42188,69676.88281,69676.88281,3135070,VCB.VN
1/7/2021,69013.29688,71999.44531,69013.29688,71004.0625,71004.0625,1808044,VCB.VN
1/8/2021,71667.65625,71667.65625,69345.09375,69544.16406,69544.16406,1508311,VCB.VN
1/11/2021,69411.45313,70141.39844,69079.65625,69345.09375,69345.09375,1276994,VCB.VN
1/12/2021,70075.03906,70075.03906,69146.01563,70075.03906,70075.03906,1270288,VCB.VN
1/13/2021,70075.03906,70406.83594,69013.29688,69544.16406,69544.16406,2016608,VCB.VN
1/14/2021,69676.88281,69809.60156,68548.78125,68946.9375,68946.9375,1404784,VCB.VN
1/15/2021,69544.16406,69610.52344,68017.91406,68482.42188,68482.42188,1812264,VCB.VN
1/18/2021,68681.5,69676.88281,68349.70313,68548.78125,68548.78125,1676337,VCB.VN
1/19/2021,68416.0625,68548.78125,63770.94141,65695.35156,65695.35156,3618382,VCB.VN
1/20/2021,65695.35156,70274.11719,65031.75781,65761.71094,65761.71094,3154058,VCB.VN
1/21/2021,65761.71094,68349.70313,65031.75781,68349.70313,68349.70313,1990236,VCB.VN
1/22/2021,68349.70313,69013.29688,67686.11719,68349.70313,68349.70313,2827651,VCB.VN
1/25/2021,67088.88281,68349.70313,67088.88281,68017.91406,68017.91406,1124038,VCB.VN
1/26/2021,68017.91406,68017.91406,65695.35156,66956.17188,66956.17188,1462500,VCB.VN
1/27/2021,65761.71094,66358.9375,62311.04297,64633.60547,64633.60547,2500040,VCB.VN
1/28/2021,61050.22266,61912.89063,60121.19922,60121.19922,60121.19922,2730151,VCB.VN
1/29/2021,56736.89063,64301.8125,56736.89063,61713.8125,61713.8125,2047953,VCB.VN
2/1/2021,63704.58203,63704.58203,60386.63281,60452.99219,60452.99219,2006209,VCB.VN
2/2/2021,61050.22266,64169.09375,61050.22266,64036.375,64036.375,1737217,VCB.VN
2/3/2021,64965.40234,65695.35156,64102.73438,65628.99219,65628.99219,2226677,VCB.VN
2/4/2021,65628.99219,65695.35156,62311.04297,65628.99219,65628.99219,1457677,VCB.VN
2/5/2021,65628.99219,66358.9375,64965.40234,66358.9375,66358.9375,1560150,VCB.VN
2/8/2021,65695.35156,66226.21875,61780.17188,62443.76172,62443.76172,4373487,VCB.VN
2/9/2021,64368.17188,64633.60547,61780.17188,64500.88672,64500.88672,4489070,VCB.VN
2/10/2021,,,,,,,VCB.VN
2/11/2021,,,,,,,VCB.VN
2/12/2021,,,,,,,VCB.VN
2/15/2021,,,,,,,VCB.VN
2/16/2021,,,,,,,VCB.VN
2/17/2021,64699.96484,66358.9375,64699.96484,66358.9375,66358.9375,1588481,VCB.VN
2/18/2021,65695.35156,67686.11719,65031.75781,67686.11719,67686.11719,2545097,VCB.VN
2/19/2021,65828.07031,67487.03906,65761.71094,67221.60156,67221.60156,2926809,VCB.VN
2/22/2021,66690.73438,67686.11719,66558.01563,66757.09375,66757.09375,2092709,VCB.VN
2/23/2021,66358.9375,67022.53125,65828.07031,66358.9375,66358.9375,2172125,VCB.VN
2/24/2021,66690.73438,67022.53125,64036.375,65098.11719,65098.11719,2004702,VCB.VN
2/25/2021,65695.35156,66027.14063,64766.32422,65164.47656,65164.47656,1389563,VCB.VN
2/26/2021,64567.24609,65695.35156,64368.17188,65164.47656,65164.47656,1644720,VCB.VN
3/1/2021,65164.47656,65894.42188,65164.47656,65828.07031,65828.07031,1471090,VCB.VN
3/2/2021,66358.9375,67553.39844,65031.75781,65894.42188,65894.42188,1877214,VCB.VN
3/3/2021,65230.83594,65960.78125,65164.47656,65297.19531,65297.19531,1454904,VCB.VN
3/4/2021,65429.91406,66027.14063,61780.17188,64567.24609,64567.24609,1782878,VCB.VN
3/5/2021,64434.52734,64500.88672,63040.99219,63970.01563,63970.01563,2618486,VCB.VN
3/8/2021,64368.17188,64368.17188,63040.99219,63173.71094,63173.71094,2293284,VCB.VN
3/9/2021,63040.99219,63040.99219,61780.17188,63040.99219,63040.99219,2184030,VCB.VN
3/10/2021,63040.99219,63571.86328,62377.40234,63372.78516,63372.78516,1642430,VCB.VN
3/11/2021,63571.86328,64235.45313,63571.86328,63903.65625,63903.65625,1625703,VCB.VN
3/12/2021,63903.65625,64036.375,62709.19531,63571.86328,63571.86328,1996414,VCB.VN
3/15/2021,63704.58203,64368.17188,63372.78516,63903.65625,63903.65625,2206785,VCB.VN
3/16/2021,63704.58203,63704.58203,63107.35156,63505.50391,63505.50391,988260,VCB.VN
3/17/2021,63372.78516,63571.86328,63040.99219,63439.14453,63439.14453,1965672,VCB.VN
3/18/2021,63837.29688,64699.96484,63372.78516,64699.96484,64699.96484,2464023,VCB.VN
3/19/2021,64434.52734,64434.52734,62510.12109,62510.12109,62510.12109,2404649,VCB.VN
3/22/2021,63704.58203,64699.96484,63306.42578,64368.17188,64368.17188,2982265,VCB.VN
3/23/2021,64301.8125,64301.8125,63306.42578,63571.86328,63571.86328,1456924,VCB.VN
3/24/2021,63040.99219,63638.22266,62443.76172,62841.91406,62841.91406,2275201,VCB.VN
3/25/2021,62841.91406,63704.58203,62709.19531,63107.35156,63107.35156,1864555,VCB.VN
3/26/2021,63040.99219,63372.78516,62178.32422,62974.63281,62974.63281,1842704,VCB.VN
3/29/2021,63173.71094,63571.86328,62045.60547,63240.06641,63240.06641,4363842,VCB.VN
3/30/2021,63240.06641,63240.06641,62443.76172,62908.27344,62908.27344,3956814,VCB.VN
3/31/2021,62709.19531,63107.35156,62443.76172,62908.27344,62908.27344,1462650,VCB.VN
4/1/2021,63173.71094,64832.68359,63173.71094,64301.8125,64301.8125,4969337,VCB.VN
4/2/2021,64699.96484,65363.55469,64301.8125,64899.04297,64899.04297,3588965,VCB.VN
4/5/2021,66358.9375,68216.99219,65429.91406,67686.11719,67686.11719,5452769,VCB.VN
4/6/2021,67686.11719,68017.91406,66690.73438,67619.75781,67619.75781,3455751,VCB.VN
4/7/2021,67022.53125,67686.11719,66624.375,67619.75781,67619.75781,1782276,VCB.VN
4/8/2021,67619.75781,67619.75781,66027.14063,66358.9375,66358.9375,2374058,VCB.VN
4/9/2021,66027.14063,66027.14063,64699.96484,64699.96484,64699.96484,3167169,VCB.VN
4/12/2021,65363.55469,65828.07031,64633.60547,65628.99219,65628.99219,4023722,VCB.VN
4/13/2021,66358.9375,66358.9375,64699.96484,64699.96484,64699.96484,2517972,VCB.VN
4/14/2021,64567.24609,65496.27344,64301.8125,65496.27344,65496.27344,2165193,VCB.VN
4/15/2021,66226.21875,66226.21875,64235.45313,64699.96484,64699.96484,3244173,VCB.VN
4/16/2021,64567.24609,65363.55469,63704.58203,63903.65625,63903.65625,2435089,VCB.VN
4/19/2021,64368.17188,65363.55469,63571.86328,65363.55469,65363.55469,2273243,VCB.VN
4/20/2021,65761.71094,69676.88281,65363.55469,68349.70313,68349.70313,9454943,VCB.VN
4/21/2021,,,,,,,VCB.VN
4/22/2021,68349.70313,70075.03906,67818.83594,68349.70313,68349.70313,4990585,VCB.VN
4/23/2021,68349.70313,69013.29688,66690.73438,69013.29688,69013.29688,3886137,VCB.VN
4/26/2021,69013.29688,69013.29688,64965.40234,65429.91406,65429.91406,5568804,VCB.VN
4/27/2021,65429.91406,66093.5,64832.68359,65695.35156,65695.35156,1795989,VCB.VN
4/28/2021,65695.35156,65894.42188,64832.68359,65695.35156,65695.35156,2341658,VCB.VN
4/29/2021,65695.35156,66358.9375,65031.75781,66358.9375,66358.9375,2434788,VCB.VN
4/30/2021,,,,,,,VCB.VN
5/3/2021,,,,,,,VCB.VN
5/4/2021,65695.35156,66093.5,65031.75781,65761.71094,65761.71094,2489188,VCB.VN
5/5/2021,65761.71094,67686.11719,65761.71094,67155.24219,67155.24219,2856736,VCB.VN
5/6/2021,67155.24219,67487.03906,65695.35156,65894.42188,65894.42188,1749877,VCB.VN
5/7/2021,65628.99219,65695.35156,64169.09375,64368.17188,64368.17188,3443092,VCB.VN
5/10/2021,64169.09375,65164.47656,63638.22266,65098.11719,65098.11719,2626624,VCB.VN
5/11/2021,65164.47656,65894.42188,64699.96484,64965.40234,64965.40234,1916094,VCB.VN
5/12/2021,64965.40234,64965.40234,64368.17188,64567.24609,64567.24609,1835923,VCB.VN
5/13/2021,64500.88672,64899.04297,64235.45313,64235.45313,64235.45313,2662791,VCB.VN
5/14/2021,64633.60547,65230.83594,64102.73438,64301.8125,64301.8125,2175440,VCB.VN
5/17/2021,64434.52734,64567.24609,63571.86328,63704.58203,63704.58203,2584579,VCB.VN
5/18/2021,63240.06641,63704.58203,62709.19531,62775.55469,62775.55469,3169730,VCB.VN
5/19/2021,62775.55469,62775.55469,62244.68359,62443.76172,62443.76172,2619239,VCB.VN
5/20/2021,62443.76172,65695.35156,62443.76172,65695.35156,65695.35156,2920630,VCB.VN
5/21/2021,63903.65625,65031.75781,63704.58203,64235.45313,64235.45313,2711314,VCB.VN
5/24/2021,64699.96484,65363.55469,64036.375,64633.60547,64633.60547,2825090,VCB.VN
5/25/2021,64633.60547,66358.9375,64633.60547,66226.21875,66226.21875,6705954,VCB.VN
5/26/2021,66292.57813,67553.39844,66159.85938,66624.375,66624.375,3550388,VCB.VN
5/27/2021,66624.375,66624.375,65031.75781,65496.27344,65496.27344,2740248,VCB.VN
5/28/2021,65695.35156,67088.88281,64766.32422,66093.5,66093.5,3360511,VCB.VN
5/31/2021,67022.53125,67022.53125,65230.83594,65429.91406,65429.91406,4251122,VCB.VN
6/1/2021,65960.78125,69146.01563,65496.27344,68814.21875,68814.21875,6892063,VCB.VN
6/2/2021,69013.29688,71335.85938,68814.21875,70340.47656,70340.47656,8161823,VCB.VN
6/3/2021,70406.83594,71667.65625,70340.47656,70804.98438,70804.98438,4222490,VCB.VN
6/4/2021,70672.26563,70672.26563,69079.65625,69610.52344,69610.52344,4439190,VCB.VN
6/7/2021,69212.375,69610.52344,67155.24219,68349.70313,68349.70313,4556883,VCB.VN
6/8/2021,68349.70313,69013.29688,66358.9375,66358.9375,66358.9375,3543757,VCB.VN
6/9/2021,66358.9375,67686.11719,65828.07031,67686.11719,67686.11719,3667779,VCB.VN
6/10/2021,67686.11719,68283.34375,66358.9375,67553.39844,67553.39844,3439627,VCB.VN
6/11/2021,67088.88281,68681.5,66690.73438,68216.99219,68216.99219,3086245,VCB.VN
6/14/2021,67752.47656,68615.14063,67221.60156,67686.11719,67686.11719,2333822,VCB.VN
6/15/2021,67752.47656,68349.70313,67022.53125,68216.99219,68216.99219,2171071,VCB.VN
6/16/2021,68017.91406,70340.47656,68017.91406,69013.29688,69013.29688,4367760,VCB.VN
6/17/2021,69013.29688,69676.88281,67686.11719,69146.01563,69146.01563,4364294,VCB.VN
6/18/2021,69345.09375,72331.24219,69212.375,71999.44531,71999.44531,5763955,VCB.VN
6/21/2021,71667.65625,71800.36719,70340.47656,70738.625,70738.625,4532772,VCB.VN
6/22/2021,71070.42188,71999.44531,70672.26563,71402.21875,71402.21875,3271601,VCB.VN
6/23/2021,71667.65625,73658.42188,71004.0625,72795.75781,72795.75781,4045573,VCB.VN
6/24/2021,72994.82813,73525.70313,71534.9375,73459.34375,73459.34375,1723053,VCB.VN
6/25/2021,73459.34375,74852.88281,72264.88281,74720.16406,74720.16406,3499136,VCB.VN
6/28/2021,74720.16406,74985.60156,73724.78125,74720.16406,74720.16406,3557169,VCB.VN
6/29/2021,74322.00781,75649.1875,73990.21875,75649.1875,75649.1875,3546017,VCB.VN
6/30/2021,75649.1875,77772.67188,75649.1875,77241.80469,77241.80469,5028712,VCB.VN
7/1/2021,77440.88281,77507.24219,76312.78125,77241.80469,77241.80469,3098903,VCB.VN
7/2/2021,77241.80469,77374.52344,75649.1875,76246.42188,76246.42188,2663228,VCB.VN
7/5/2021,75582.82813,75582.82813,73592.0625,75383.75,75383.75,3619255,VCB.VN
7/6/2021,74653.80469,76312.78125,74322.00781,74322.00781,74322.00781,2605375,VCB.VN
7/7/2021,74322.00781,75251.03906,70340.47656,75251.03906,75251.03906,4164170,VCB.VN
7/8/2021,73791.14063,74985.60156,72331.24219,73658.42188,73658.42188,2069351,VCB.VN
7/9/2021,72994.82813,73724.78125,70871.34375,72862.11719,72862.11719,4238916,VCB.VN
7/12/2021,72663.03906,72663.03906,68416.0625,71070.42188,71070.42188,3715701,VCB.VN
7/13/2021,70937.70313,70937.70313,67752.47656,68615.14063,68615.14063,3280643,VCB.VN
7/14/2021,68615.14063,68681.5,66358.9375,67553.39844,67553.39844,3491164,VCB.VN
7/15/2021,66491.65625,69345.09375,66491.65625,68017.91406,68017.91406,3525221,VCB.VN
7/16/2021,68017.91406,68615.14063,67022.53125,68017.91406,68017.91406,2437198,VCB.VN
7/19/2021,66358.9375,66491.65625,63638.22266,64368.17188,64368.17188,3843491,VCB.VN
7/20/2021,64899.04297,67022.53125,62045.60547,66491.65625,66491.65625,3896234,VCB.VN
7/21/2021,66027.14063,66690.73438,65230.83594,65695.35156,65695.35156,2205731,VCB.VN
7/22/2021,65628.99219,66823.45313,65031.75781,66558.01563,66558.01563,2257570,VCB.VN
7/23/2021,65894.42188,66226.21875,64368.17188,64368.17188,64368.17188,2023539,VCB.VN
7/26/2021,64036.375,64699.96484,63505.50391,63704.58203,63704.58203,1945177,VCB.VN
7/27/2021,64699.96484,64766.32422,63040.99219,63040.99219,63040.99219,4047984,VCB.VN
7/28/2021,63107.35156,64368.17188,63107.35156,64368.17188,64368.17188,2246569,VCB.VN
7/29/2021,64633.60547,64965.40234,64368.17188,64965.40234,64965.40234,1795989,VCB.VN
7/30/2021,64567.24609,65562.63281,64500.88672,65031.75781,65031.75781,2351604,VCB.VN
8/2/2021,64368.17188,65496.27344,63970.01563,64368.17188,64368.17188,1717176,VCB.VN
8/3/2021,64434.52734,65562.63281,64368.17188,65562.63281,65562.63281,1838937,VCB.VN
8/4/2021,65828.07031,65894.42188,65098.11719,65363.55469,65363.55469,1719737,VCB.VN
8/5/2021,65031.75781,66027.14063,64965.40234,65960.78125,65960.78125,1699394,VCB.VN
8/6/2021,66226.21875,66226.21875,65098.11719,65098.11719,65098.11719,1572959,VCB.VN
8/9/2021,65098.11719,65628.99219,64832.68359,65230.83594,65230.83594,1772631,VCB.VN
8/10/2021,65695.35156,65828.07031,65363.55469,65695.35156,65695.35156,2407211,VCB.VN
8/11/2021,65894.42188,67487.03906,65761.71094,66690.73438,66690.73438,2579456,VCB.VN
8/12/2021,66690.73438,66889.8125,66027.14063,66292.57813,66292.57813,1580193,VCB.VN
8/13/2021,66292.57813,66292.57813,65230.83594,66093.5,66093.5,2363810,VCB.VN
8/16/2021,66093.5,66757.09375,65695.35156,66757.09375,66757.09375,3094382,VCB.VN
8/17/2021,68017.91406,68349.70313,67022.53125,67022.53125,67022.53125,2909479,VCB.VN
8/18/2021,67022.53125,68017.91406,66159.85938,67022.53125,67022.53125,2784854,VCB.VN
8/19/2021,66823.45313,68349.70313,66226.21875,68216.99219,68216.99219,3944607,VCB.VN
8/20/2021,67155.24219,67619.75781,65960.78125,66425.29688,66425.29688,2803691,VCB.VN
8/23/2021,65695.35156,66358.9375,64102.73438,64567.24609,64567.24609,3218405,VCB.VN
8/24/2021,65828.07031,65828.07031,64036.375,64368.17188,64368.17188,1642732,VCB.VN
8/25/2021,64368.17188,65695.35156,64235.45313,64699.96484,64699.96484,1686584,VCB.VN
8/26/2021,64899.04297,65695.35156,64235.45313,64235.45313,64235.45313,1746410,VCB.VN
8/27/2021,63704.58203,65363.55469,63704.58203,64899.04297,64899.04297,1667596,VCB.VN
8/30/2021,65297.19531,65960.78125,64899.04297,65894.42188,65894.42188,2324321,VCB.VN
8/31/2021,66027.14063,66292.57813,65230.83594,65960.78125,65960.78125,1527902,VCB.VN
9/1/2021,65960.78125,66292.57813,63704.58203,65960.78125,65960.78125,1367562,VCB.VN
9/2/2021,,,,,,,VCB.VN
9/3/2021,,,,,,,VCB.VN
9/6/2021,65960.78125,66425.29688,65960.78125,66358.9375,66358.9375,1474857,VCB.VN
9/7/2021,66292.57813,66889.8125,66226.21875,66358.9375,66358.9375,1693516,VCB.VN
9/8/2021,66358.9375,66425.29688,64235.45313,66159.85938,66159.85938,1398455,VCB.VN
9/9/2021,66159.85938,66425.29688,65429.91406,65894.42188,65894.42188,1263130,VCB.VN
9/10/2021,66226.21875,66226.21875,65429.91406,65828.07031,65828.07031,1416236,VCB.VN
9/13/2021,65562.63281,65695.35156,65098.11719,65098.11719,65098.11719,1571905,VCB.VN
9/14/2021,65098.11719,65363.55469,64368.17188,65230.83594,65230.83594,4146389,VCB.VN
9/15/2021,65230.83594,65230.83594,64434.52734,64434.52734,64434.52734,1326874,VCB.VN
9/16/2021,65628.99219,65628.99219,64699.96484,65098.11719,65098.11719,859567,VCB.VN
9/17/2021,64699.96484,65297.19531,64500.88672,64500.88672,64500.88672,1541917,VCB.VN
9/20/2021,64567.24609,67022.53125,64567.24609,66093.5,66093.5,3556264,VCB.VN
9/21/2021,66027.14063,66226.21875,65031.75781,65031.75781,65031.75781,1298996,VCB.VN
9/22/2021,65297.19531,66027.14063,65031.75781,66027.14063,66027.14063,1380672,VCB.VN
9/23/2021,66093.5,66624.375,65363.55469,66027.14063,66027.14063,1142272,VCB.VN
9/24/2021,66027.14063,66226.21875,65894.42188,66027.14063,66027.14063,685212,VCB.VN
9/27/2021,66027.14063,66159.85938,65031.75781,65031.75781,65031.75781,781958,VCB.VN
9/28/2021,64899.04297,65894.42188,64699.96484,65828.07031,65828.07031,853690,VCB.VN
9/29/2021,66027.14063,66027.14063,64699.96484,65363.55469,65363.55469,851430,VCB.VN
9/30/2021,65363.55469,65429.91406,64434.52734,64500.88672,64500.88672,1940808,VCB.VN
10/1/2021,64567.24609,65164.47656,63571.86328,63638.22266,63638.22266,4613918,VCB.VN
10/4/2021,63704.58203,64036.375,62642.83594,62775.55469,62775.55469,1445621,VCB.VN
10/5/2021,63107.35156,63770.94141,63107.35156,63439.14453,63439.14453,1599934,VCB.VN
10/6/2021,63439.14453,63439.14453,62908.27344,63439.14453,63439.14453,1165178,VCB.VN
10/7/2021,63439.14453,64235.45313,63040.99219,64235.45313,64235.45313,1276541,VCB.VN
10/8/2021,64102.73438,64368.17188,63439.14453,64368.17188,64368.17188,1183713,VCB.VN
10/11/2021,64368.17188,65297.19531,64235.45313,64699.96484,64699.96484,1775194,VCB.VN
10/12/2021,65230.83594,65230.83594,64368.17188,64368.17188,64368.17188,1376604,VCB.VN
10/13/2021,64965.40234,65031.75781,64368.17188,64368.17188,64368.17188,2344521,VCB.VN
10/14/2021,64368.17188,64500.88672,63638.22266,64169.09375,64169.09375,2813034,VCB.VN
10/15/2021,64235.45313,64567.24609,64036.375,64036.375,64036.375,1102338,VCB.VN
10/18/2021,63903.65625,64368.17188,63040.99219,63704.58203,63704.58203,2035746,VCB.VN
10/19/2021,63770.94141,64036.375,63173.71094,63970.01563,63970.01563,1383836,VCB.VN
10/20/2021,63970.01563,64169.09375,62377.40234,63040.99219,63040.99219,2352358,VCB.VN
10/21/2021,63306.42578,63704.58203,62377.40234,62377.40234,62377.40234,2002894,VCB.VN
10/22/2021,63040.99219,63040.99219,62377.40234,62576.48047,62576.48047,485239,VCB.VN
10/25/2021,63638.22266,63638.22266,62443.76172,62443.76172,62443.76172,1206167,VCB.VN
10/26/2021,62443.76172,62775.55469,62111.96484,62377.40234,62377.40234,1107612,VCB.VN
10/27/2021,62775.55469,64036.375,62576.48047,63770.94141,63770.94141,2203319,VCB.VN
10/28/2021,64102.73438,64965.40234,63770.94141,64965.40234,64965.40234,2800225,VCB.VN
10/29/2021,64567.24609,65297.19531,64301.8125,65031.75781,65031.75781,1966275,VCB.VN
11/1/2021,65098.11719,65164.47656,64368.17188,64368.17188,64368.17188,1623745,VCB.VN
11/2/2021,64633.60547,65031.75781,64567.24609,64965.40234,64965.40234,1218071,VCB.VN
11/3/2021,64832.68359,65562.63281,64567.24609,65496.27344,65496.27344,3551442,VCB.VN
11/4/2021,65496.27344,65562.63281,64500.88672,65297.19531,65297.19531,1490981,VCB.VN
11/5/2021,64699.96484,65695.35156,64368.17188,64699.96484,64699.96484,2374962,VCB.VN
11/8/2021,65098.11719,65297.19531,64699.96484,65164.47656,65164.47656,1817690,VCB.VN
11/9/2021,65031.75781,65429.91406,64368.17188,64434.52734,64434.52734,2163084,VCB.VN
11/10/2021,64434.52734,65164.47656,64235.45313,64766.32422,64766.32422,1321298,VCB.VN
11/11/2021,64899.04297,65894.42188,64368.17188,65230.83594,65230.83594,1681159,VCB.VN
11/12/2021,65230.83594,65230.83594,64699.96484,65164.47656,65164.47656,1019906,VCB.VN
11/15/2021,65230.83594,65695.35156,64500.88672,64832.68359,64832.68359,1257855,VCB.VN
11/16/2021,64832.68359,65363.55469,64368.17188,64500.88672,64500.88672,1063608,VCB.VN
11/17/2021,64500.88672,65098.11719,64500.88672,65031.75781,65031.75781,1281363,VCB.VN
11/18/2021,65230.83594,65230.83594,64368.17188,64368.17188,64368.17188,1233744,VCB.VN
11/19/2021,64500.88672,64965.40234,64434.52734,64434.52734,64434.52734,621317,VCB.VN
11/22/2021,64567.24609,65628.99219,64434.52734,65562.63281,65562.63281,1626456,VCB.VN
11/23/2021,65695.35156,65761.71094,65164.47656,65761.71094,65761.71094,991878,VCB.VN
11/24/2021,65828.07031,70075.03906,65828.07031,69544.16406,69544.16406,2836994,VCB.VN
11/25/2021,69676.88281,71667.65625,69411.45313,71070.42188,71070.42188,2347083,VCB.VN
11/26/2021,70804.98438,71800.36719,69013.29688,69676.88281,69676.88281,1450595,VCB.VN
11/29/2021,68548.78125,69610.52344,67022.53125,67088.88281,67088.88281,1282419,VCB.VN
11/30/2021,69013.29688,69013.29688,65628.99219,65628.99219,65628.99219,2014046,VCB.VN
12/1/2021,65960.78125,67354.32031,65230.83594,65695.35156,65695.35156,956163,VCB.VN
12/2/2021,66558.01563,66889.8125,65562.63281,65761.71094,65761.71094,1187029,VCB.VN
12/3/2021,65828.07031,66889.8125,64699.96484,65031.75781,65031.75781,1199385,VCB.VN
12/6/2021,65031.75781,66358.9375,63306.42578,63306.42578,63306.42578,1644992,VCB.VN
12/7/2021,63770.94141,65960.78125,63770.94141,65164.47656,65164.47656,1315572,VCB.VN
12/8/2021,65031.75781,65960.78125,65031.75781,65496.27344,65496.27344,764780,VCB.VN
12/9/2021,64633.60547,65960.78125,64567.24609,65828.07031,65828.07031,1446677,VCB.VN
12/10/2021,67022.53125,68216.99219,66292.57813,66358.9375,66358.9375,2914000,VCB.VN
12/13/2021,67686.11719,67686.11719,65828.07031,66093.5,66093.5,1654637,VCB.VN
12/14/2021,66093.5,66690.73438,65761.71094,65894.42188,65894.42188,1299447,VCB.VN
12/15/2021,66027.14063,66823.45313,65695.35156,66292.57813,66292.57813,1258005,VCB.VN
12/16/2021,66889.8125,66889.8125,65098.11719,65761.71094,65761.71094,1577932,VCB.VN
12/17/2021,66358.9375,66358.9375,64036.375,64036.375,64036.375,5237726,VCB.VN
12/20/2021,65363.55469,66027.14063,65098.11719,66027.14063,66027.14063,1268705,VCB.VN
12/21/2021,65695.35156,66226.21875,65363.55469,65628.99219,65628.99219,1166533,VCB.VN
12/22/2021,65198.98438,65876.375,64860.28906,65114.30859,65114.30859,2261615,VCB.VN
12/23/2021,65622.35156,66807.78906,64775.61328,64775.61328,64775.61328,1758036,VCB.VN
12/24/2021,65029.63672,66469.09375,65029.63672,66469.09375,66469.09375,1003141,VCB.VN
12/27/2021,66807.78906,67993.22656,65961.04688,67569.85938,67569.85938,1103172,VCB.VN
12/28/2021,67739.20313,68585.94531,66045.72656,67739.20313,67739.20313,2797552,VCB.VN
12/29/2021,67315.83594,67569.85938,66977.14063,67315.83594,67315.83594,519640,VCB.VN
12/30/2021,67569.85938,67654.53125,65791.70313,66384.42188,66384.42188,1191983,VCB.VN
12/31/2021,66892.46094,67061.8125,66384.42188,66723.11719,66723.11719,497555,VCB.VN
1/3/2022,,,,,,,VCB.VN
1/4/2022,66892.46094,67231.15625,66045.72656,66892.46094,66892.46094,1339017,VCB.VN
1/5/2022,66892.46094,68077.89844,66045.72656,66045.72656,66045.72656,1998370,VCB.VN
1/6/2022,66553.76563,67654.53125,65961.04688,66977.14063,66977.14063,1435623,VCB.VN
1/7/2022,67400.50781,67654.53125,66215.07031,67569.85938,67569.85938,1141082,VCB.VN
1/10/2022,67485.17969,67654.53125,66469.09375,67315.83594,67315.83594,1365236,VCB.VN
1/11/2022,67739.20313,67739.20313,66469.09375,67231.15625,67231.15625,1277487,VCB.VN
1/12/2022,67231.15625,67739.20313,66045.72656,67739.20313,67739.20313,2717362,VCB.VN
1/13/2022,68162.57031,71464.85938,67908.55469,69348.00781,69348.00781,3037177,VCB.VN
1/14/2022,69348.00781,70618.11719,68585.94531,70618.11719,70618.11719,1833030,VCB.VN
1/17/2022,70279.42188,74513.125,69686.70313,72988.99219,72988.99219,3149408,VCB.VN
1/18/2022,72396.27344,74174.42969,71126.16406,74174.42969,74174.42969,2049743,VCB.VN
1/19/2022,74089.75781,74089.75781,71972.90625,73497.03906,73497.03906,1670878,VCB.VN
1/20/2022,72142.25,74089.75781,70364.10156,73751.05469,73751.05469,3300068,VCB.VN
1/21/2022,73581.71094,76206.60156,72904.32031,75529.21094,75529.21094,3083945,VCB.VN
1/24/2022,75698.5625,79170.19531,74682.46875,78746.82813,78746.82813,3221886,VCB.VN
1/25/2022,78323.45313,81287.04688,75359.86719,81117.69531,81117.69531,2830030,VCB.VN
1/26/2022,81117.69531,81117.69531,78408.125,80016.9375,80016.9375,3108982,VCB.VN
1/27/2022,78746.82813,80016.9375,76545.29688,77053.34375,77053.34375,2046554,VCB.VN
1/28/2022,77053.34375,77900.08594,75359.86719,75359.86719,75359.86719,2528166,VCB.VN
1/31/2022,,,,,,,VCB.VN
2/1/2022,,,,,,,VCB.VN
2/2/2022,,,,,,,VCB.VN
2/3/2022,,,,,,,VCB.VN
2/4/2022,,,,,,,VCB.VN
2/7/2022,76714.64844,78662.14844,75783.23438,78238.78125,78238.78125,2037933,VCB.VN
2/8/2022,78238.78125,78238.78125,76291.28125,77900.08594,77900.08594,1447197,VCB.VN
2/9/2022,77222.69531,77815.41406,76460.625,76884,76884,1904126,VCB.VN
2/10/2022,77138.01563,79085.52344,77053.34375,77307.36719,77307.36719,2157923,VCB.VN
2/11/2022,77307.36719,77561.39063,76206.60156,76206.60156,76206.60156,20381816,VCB.VN
2/14/2022,74597.79688,75190.51563,72819.64063,72819.64063,72819.64063,4380491,VCB.VN
2/15/2022,72819.64063,74767.14844,70956.8125,73666.38281,73666.38281,2897583,VCB.VN
2/16/2022,74089.75781,74428.45313,73158.34375,73666.38281,73666.38281,1612065,VCB.VN
2/17/2022,73666.38281,74259.10156,73497.03906,74089.75781,74089.75781,1761107,VCB.VN
2/18/2022,73158.34375,74089.75781,73158.34375,73835.73438,73835.73438,1259182,VCB.VN
2/21/2022,73327.6875,74174.42969,73327.6875,74005.07813,74005.07813,1295438,VCB.VN
2/22/2022,73666.38281,73666.38281,71972.90625,73497.03906,73497.03906,1889836,VCB.VN
2/23/2022,73666.38281,73666.38281,72650.29688,73581.71094,73581.71094,1164820,VCB.VN
2/24/2022,73412.35938,73497.03906,71972.90625,72226.92969,72226.92969,2548243,VCB.VN
2/25/2022,72226.92969,72734.96875,71972.90625,72057.57813,72057.57813,1979946,VCB.VN
2/28/2022,72057.57813,72057.57813,71464.85938,71549.53125,71549.53125,1561400,VCB.VN
3/1/2022,71549.53125,72311.60156,71210.83594,71972.90625,71972.90625,1623166,VCB.VN
3/2/2022,72480.94531,72480.94531,71295.51563,71972.90625,71972.90625,2026123,VCB.VN
3/3/2022,71972.90625,72396.27344,71718.88281,72396.27344,72396.27344,1242648,VCB.VN
3/4/2022,72142.25,72396.27344,71803.55469,71888.22656,71888.22656,1342915,VCB.VN
3/7/2022,71380.1875,71888.22656,71041.49219,71888.22656,71888.22656,2105486,VCB.VN
3/8/2022,70956.8125,71549.53125,69009.3125,69009.3125,69009.3125,3503200,VCB.VN
3/9/2022,69263.33594,70364.10156,69178.66406,70279.42188,70279.42188,1658242,VCB.VN
3/10/2022,70279.42188,70872.14063,70194.75,70702.79688,70702.79688,1398422,VCB.VN
3/11/2022,70872.14063,71041.49219,70279.42188,70956.8125,70956.8125,1069513,VCB.VN
3/14/2022,70533.44531,71295.51563,70448.77344,71295.51563,71295.51563,1787089,VCB.VN
3/15/2022,71126.16406,71210.83594,68585.94531,68670.61719,68670.61719,2846210,VCB.VN
3/16/2022,68839.96875,70448.77344,68839.96875,69856.05469,69856.05469,1217138,VCB.VN
3/17/2022,70279.42188,70702.79688,70025.39844,70279.42188,70279.42188,1536953,VCB.VN
3/18/2022,70364.10156,72142.25,70194.75,71295.51563,71295.51563,1696624,VCB.VN
3/21/2022,71295.51563,72396.27344,71126.16406,71888.22656,71888.22656,1138365,VCB.VN
3/22/2022,71888.22656,72396.27344,71888.22656,71888.22656,71888.22656,1216548,VCB.VN
3/23/2022,71888.22656,72480.94531,71888.22656,71888.22656,71888.22656,1205328,VCB.VN
3/24/2022,71888.22656,71888.22656,70702.79688,70702.79688,70702.79688,708836,VCB.VN
3/25/2022,71126.16406,71126.16406,69432.6875,69856.05469,69856.05469,1408696,VCB.VN
3/28/2022,70279.42188,70279.42188,69432.6875,69771.38281,69771.38281,920471,VCB.VN
3/29/2022,69771.38281,70279.42188,69093.98438,69348.00781,69348.00781,1238396,VCB.VN
3/30/2022,69263.33594,70702.79688,69009.3125,69432.6875,69432.6875,1144270,VCB.VN
3/31/2022,69432.6875,69940.72656,69432.6875,69517.35938,69517.35938,581524,VCB.VN
4/1/2022,69517.35938,70787.46875,68670.61719,70110.07813,70110.07813,1162458,VCB.VN
4/4/2022,70448.77344,71210.83594,69940.72656,69940.72656,69940.72656,935352,VCB.VN
4/5/2022,70110.07813,70448.77344,69940.72656,70279.42188,70279.42188,621324,VCB.VN
4/6/2022,70194.75,71972.90625,69178.66406,71634.21094,71634.21094,2402862,VCB.VN
4/7/2022,71888.22656,72142.25,70279.42188,70279.42188,70279.42188,1160923,VCB.VN
4/8/2022,71041.49219,71041.49219,70194.75,70279.42188,70279.42188,959208,VCB.VN
4/11/2022,,,,,,,VCB.VN
4/12/2022,70279.42188,70448.77344,69093.98438,69771.38281,69771.38281,1040815,VCB.VN
4/13/2022,70279.42188,70364.10156,69432.6875,69771.38281,69771.38281,1069631,VCB.VN
4/14/2022,69771.38281,70194.75,68585.94531,68585.94531,68585.94531,1388147,VCB.VN
4/15/2022,68755.28906,69009.3125,67908.55469,67908.55469,67908.55469,1103998,VCB.VN
4/18/2022,67739.20313,67908.55469,65707.03125,65791.70313,65791.70313,1526088,VCB.VN
4/19/2022,65876.375,66469.09375,65707.03125,65791.70313,65791.70313,1236979,VCB.VN
4/20/2022,66045.72656,66807.78906,65791.70313,66384.42188,66384.42188,1068332,VCB.VN
4/21/2022,66384.42188,67061.8125,66215.07031,66384.42188,66384.42188,2684649,VCB.VN
4/22/2022,66977.14063,69940.72656,66977.14063,69602.03125,69602.03125,5693128,VCB.VN
4/25/2022,69602.03125,70279.42188,65198.98438,69263.33594,69263.33594,3400217,VCB.VN
4/26/2022,66892.46094,68162.57031,66892.46094,68162.57031,68162.57031,2960767,VCB.VN
4/27/2022,67654.53125,69432.6875,66215.07031,69009.3125,69009.3125,2757044,VCB.VN
4/28/2022,69009.3125,69093.98438,67315.83594,69009.3125,69009.3125,666202,VCB.VN
4/29/2022,68924.64063,69686.70313,67739.20313,68501.27344,68501.27344,34076810,VCB.VN
5/2/2022,,,,,,,VCB.VN
5/3/2022,,,,,,,VCB.VN
5/4/2022,68501.27344,68585.94531,66892.46094,67654.53125,67654.53125,1106124,VCB.VN
5/5/2022,68162.57031,69009.3125,67400.50781,68585.94531,68585.94531,1203793,VCB.VN
5/6/2022,67485.17969,68755.28906,67231.15625,67231.15625,67231.15625,1571792,VCB.VN
5/9/2022,66723.11719,68077.89844,65876.375,65961.04688,65961.04688,2024234,VCB.VN
5/10/2022,65283.65625,67739.20313,65283.65625,67739.20313,67739.20313,1093606,VCB.VN
5/11/2022,67739.20313,67993.22656,66892.46094,67739.20313,67739.20313,1212060,VCB.VN
5/12/2022,66892.46094,67654.53125,65198.98438,65198.98438,65198.98438,1200250,VCB.VN
5/13/2022,65198.98438,66045.72656,61812.02344,61812.02344,61812.02344,2342707,VCB.VN
5/16/2022,63928.875,64690.94141,62658.76563,62828.11328,62828.11328,1840942,VCB.VN
5/17/2022,62828.11328,65198.98438,61896.69922,64352.24219,64352.24219,2770980,VCB.VN
5/18/2022,65198.98438,65198.98438,63505.50391,63844.19922,63844.19922,1105416,VCB.VN
5/19/2022,63505.50391,64944.96094,63336.15625,64352.24219,64352.24219,680019,VCB.VN
5/20/2022,63590.17969,64775.61328,63505.50391,63759.52734,63759.52734,877246,VCB.VN
5/23/2022,64013.54688,64013.54688,62320.06641,62997.46094,62997.46094,810874,VCB.VN
5/24/2022,63420.82813,64098.22266,62912.78516,64013.54688,64013.54688,1061364,VCB.VN
5/25/2022,64352.24219,65198.98438,63336.15625,65198.98438,65198.98438,1060538,VCB.VN
5/26/2022,65198.98438,65283.65625,64352.24219,64944.96094,64944.96094,1221035,VCB.VN
5/27/2022,64944.96094,65537.67969,64606.26563,65537.67969,65537.67969,1053452,VCB.VN
5/30/2022,65537.67969,68585.94531,64690.94141,66045.72656,66045.72656,1663320,VCB.VN
5/31/2022,66807.78906,66807.78906,66045.72656,66807.78906,66807.78906,1403854,VCB.VN
6/1/2022,66892.46094,68162.57031,66892.46094,68162.57031,68162.57031,943382,VCB.VN
6/2/2022,68416.59375,68416.59375,66892.46094,66892.46094,66892.46094,876872,VCB.VN
6/3/2022,66384.42188,67315.83594,64690.94141,65622.35156,65622.35156,688286,VCB.VN
6/6/2022,65622.35156,67739.20313,63590.17969,67485.17969,67485.17969,1039870,VCB.VN
6/7/2022,66892.46094,69432.6875,66130.39844,68585.94531,68585.94531,1197534,VCB.VN
6/8/2022,68585.94531,68585.94531,66723.11719,67061.8125,67061.8125,1440465,VCB.VN
6/9/2022,66892.46094,67654.53125,65791.70313,65876.375,65876.375,1260717,VCB.VN
6/10/2022,65876.375,66892.46094,65537.67969,65791.70313,65791.70313,461652,VCB.VN
6/13/2022,65198.98438,65198.98438,62743.4375,64690.94141,64690.94141,1441764,VCB.VN
6/14/2022,63928.875,66130.39844,62658.76563,65198.98438,65198.98438,1283983,VCB.VN
6/15/2022,65537.67969,66299.74219,63759.52734,64775.61328,64775.61328,1468691,VCB.VN
6/16/2022,64944.96094,67739.20313,64775.61328,66977.14063,66977.14063,1564352,VCB.VN
6/17/2022,65198.98438,66299.74219,64436.91797,64436.91797,64436.91797,1265559,VCB.VN
6/20/2022,67315.83594,67315.83594,63759.52734,64352.24219,64352.24219,1286935,VCB.VN
6/21/2022,64352.24219,65791.70313,63674.85156,65791.70313,65791.70313,1153955,VCB.VN
6/22/2022,65961.04688,66045.72656,63505.50391,64352.24219,64352.24219,2557101,VCB.VN
6/23/2022,63590.17969,64944.96094,63420.82813,64267.57031,64267.57031,697026,VCB.VN
6/24/2022,64521.59375,64606.26563,63166.80859,63505.50391,63505.50391,813236,VCB.VN
6/27/2022,63928.875,64352.24219,63336.15625,63420.82813,63420.82813,1131988,VCB.VN
6/28/2022,63505.50391,65198.98438,63336.15625,64606.26563,64606.26563,1294139,VCB.VN
6/29/2022,64182.89453,64267.57031,63759.52734,63928.875,63928.875,1638637,VCB.VN
6/30/2022,63928.875,64352.24219,63336.15625,63336.15625,63336.15625,938266,VCB.VN
7/1/2022,63082.13281,63505.50391,61727.35156,62658.76563,62658.76563,1633323,VCB.VN
7/4/2022,63420.82813,63674.85156,62574.08984,62743.4375,62743.4375,928502,VCB.VN
7/5/2022,63420.82813,63420.82813,62320.06641,62658.76563,62658.76563,1257174,VCB.VN
7/6/2022,62404.74219,62574.08984,58340.39063,61642.67578,61642.67578,1941800,VCB.VN
7/7/2022,61558,63928.875,60711.26172,63928.875,63928.875,1520419,VCB.VN
7/8/2022,63420.82813,63505.50391,62574.08984,62658.76563,62658.76563,898741,VCB.VN
7/11/2022,62066.04688,62235.39453,60965.28516,60965.28516,60965.28516,893780,VCB.VN
7/12/2022,61049.95703,61473.32813,60711.26172,60880.60938,60880.60938,992630,VCB.VN
7/13/2022,60795.9375,62150.71875,60457.23828,60795.9375,60795.9375,1629661,VCB.VN
7/14/2022,60795.9375,61642.67578,60626.58594,61303.98047,61303.98047,518931,VCB.VN
7/15/2022,61049.95703,62235.39453,61049.95703,61219.30469,61219.30469,739896,VCB.VN
7/18/2022,61388.65234,61727.35156,60965.28516,60965.28516,60965.28516,462243,VCB.VN
7/19/2022,60965.28516,61049.95703,60203.21875,60372.56641,60372.56641,1089000,VCB.VN
7/20/2022,60626.58594,61388.65234,60626.58594,61388.65234,61388.65234,677775,VCB.VN
7/21/2022,61388.65234,61727.35156,61049.95703,61388.65234,61388.65234,1375392,VCB.VN
7/22/2022,61049.95703,61558,60965.28516,61388.65234,61388.65234,1322247,VCB.VN
7/25/2022,61303.98047,61981.37109,60965.28516,61727.35156,61727.35156,1171197,VCB.VN
7/26/2022,61981.37109,62997.46094,61981.37109,62574.08984,62574.08984,1322483,VCB.VN
7/27/2022,62658.76563,63505.50391,62404.74219,63505.50391,63505.50391,1617851,VCB.VN
7/28/2022,63844.19922,64013.54688,63336.15625,63759.52734,63759.52734,1409877,VCB.VN
7/29/2022,63844.19922,63928.875,63251.48047,63251.48047,63251.48047,2951319,VCB.VN
8/1/2022,63251.48047,65198.98438,62997.46094,65198.98438,65198.98438,1965538,VCB.VN
8/2/2022,65198.98438,67061.8125,64352.24219,66807.78906,66807.78906,2099581,VCB.VN
8/3/2022,66299.74219,67315.83594,66045.72656,67315.83594,67315.83594,2193943,VCB.VN
8/4/2022,67315.83594,69856.05469,67231.15625,69856.05469,69856.05469,2773106,VCB.VN
8/5/2022,69432.6875,69771.38281,68670.61719,69432.6875,69432.6875,1648439,VCB.VN
8/8/2022,69432.6875,69856.05469,69348.00781,69432.6875,69432.6875,1142027,VCB.VN
8/9/2022,69432.6875,69432.6875,67654.53125,68416.59375,68416.59375,1541086,VCB.VN
8/10/2022,67823.875,68585.94531,67823.875,68162.57031,68162.57031,646597,VCB.VN
8/11/2022,68839.96875,69432.6875,68247.25,69009.3125,69009.3125,1444953,VCB.VN
8/12/2022,69009.3125,69348.00781,68501.27344,69093.98438,69093.98438,1651982,VCB.VN
8/15/2022,69432.6875,69686.70313,69178.66406,69263.33594,69263.33594,1558329,VCB.VN
8/16/2022,69432.6875,69432.6875,68670.61719,69009.3125,69009.3125,1200722,VCB.VN
8/17/2022,68755.28906,69178.66406,68755.28906,69009.3125,69009.3125,1005031,VCB.VN
8/18/2022,68839.96875,69432.6875,68755.28906,69009.3125,69009.3125,2023761,VCB.VN
8/19/2022,68247.25,69432.6875,68247.25,68501.27344,68501.27344,1417200,VCB.VN
8/22/2022,67823.875,69009.3125,67739.20313,67739.20313,67739.20313,729621,VCB.VN
8/23/2022,67739.20313,68839.96875,67654.53125,67908.55469,67908.55469,960153,VCB.VN
8/24/2022,68755.28906,70194.75,67993.22656,69432.6875,69432.6875,1341261,VCB.VN
8/25/2022,69602.03125,69602.03125,68839.96875,69432.6875,69432.6875,744974,VCB.VN
8/26/2022,69432.6875,70872.14063,69432.6875,69856.05469,69856.05469,1883104,VCB.VN
8/29/2022,68924.64063,69856.05469,68501.27344,69856.05469,69856.05469,1255993,VCB.VN
8/30/2022,69856.05469,72819.64063,69856.05469,72819.64063,72819.64063,3026666,VCB.VN
8/31/2022,72819.64063,73243.01563,71126.16406,71126.16406,71126.16406,1332049,VCB.VN
9/1/2022,,,,,,,VCB.VN
9/2/2022,,,,,,,VCB.VN
9/5/2022,71126.16406,71380.1875,69856.05469,69940.72656,69940.72656,1869286,VCB.VN
9/6/2022,69940.72656,71126.16406,69517.35938,70025.39844,70025.39844,1213241,VCB.VN
9/7/2022,69432.6875,69856.05469,67569.85938,67739.20313,67739.20313,2793419,VCB.VN
9/8/2022,68501.27344,68501.27344,66045.72656,66045.72656,66045.72656,1682098,VCB.VN
9/9/2022,66469.09375,67146.48438,66215.07031,66723.11719,66723.11719,3194179,VCB.VN
9/12/2022,67400.50781,67485.17969,66723.11719,66977.14063,66977.14063,1211469,VCB.VN
9/13/2022,67231.15625,67231.15625,66553.76563,66553.76563,66553.76563,2544936,VCB.VN
9/14/2022,65368.33203,67315.83594,65198.98438,66299.74219,66299.74219,1282329,VCB.VN
9/15/2022,66469.09375,67146.48438,66130.39844,67061.8125,67061.8125,949760,VCB.VN
9/16/2022,67146.48438,67739.20313,66469.09375,67739.20313,67739.20313,1794175,VCB.VN
9/19/2022,66892.46094,67908.55469,66045.72656,66723.11719,66723.11719,1217020,VCB.VN
9/20/2022,66723.11719,67739.20313,66553.76563,67061.8125,67061.8125,615537,VCB.VN
9/21/2022,67146.48438,67400.50781,65961.04688,66807.78906,66807.78906,1794175,VCB.VN
9/22/2022,65791.70313,66553.76563,65622.35156,66045.72656,66045.72656,1482155,VCB.VN
9/23/2022,65368.33203,65791.70313,64182.89453,64267.57031,64267.57031,1244892,VCB.VN
9/26/2022,63590.17969,65198.98438,62743.4375,63505.50391,63505.50391,2048916,VCB.VN
9/27/2022,64352.24219,64352.24219,62828.11328,62912.78516,62912.78516,795285,VCB.VN
9/28/2022,62658.76563,63505.50391,62489.41406,63505.50391,63505.50391,779105,VCB.VN
9/29/2022,64352.24219,64352.24219,62658.76563,62658.76563,62658.76563,694191,VCB.VN
9/30/2022,61981.37109,62912.78516,61303.98047,61981.37109,61981.37109,2097928,VCB.VN
10/3/2022,62235.39453,62489.41406,59525.82422,59779.84766,59779.84766,1086401,VCB.VN
10/4/2022,59271.80469,60880.60938,58848.43359,60372.56641,60372.56641,1512742,VCB.VN
10/5/2022,60457.23828,60965.28516,60203.21875,60541.91406,60541.91406,1097149,VCB.VN
10/6/2022,60965.28516,60965.28516,59187.12891,59356.47656,59356.47656,1022273,VCB.VN
10/7/2022,58933.10938,58933.10938,55292.125,56477.5625,56477.5625,2602569,VCB.VN
10/10/2022,56308.21484,57324.30078,54276.03906,55122.77734,55122.77734,1613246,VCB.VN
10/11/2022,55292.125,55884.84375,52497.88281,52497.88281,52497.88281,1808937,VCB.VN
10/12/2022,53344.625,55292.125,52667.23047,54191.36328,54191.36328,1873538,VCB.VN
10/13/2022,54276.03906,56308.21484,53090.60156,56308.21484,56308.21484,1968490,VCB.VN
10/14/2022,58001.69531,58001.69531,56985.60547,57662.99609,57662.99609,2171032,VCB.VN
10/17/2022,56985.60547,57578.32422,55461.47266,56138.86719,56138.86719,1536953,VCB.VN
10/18/2022,57578.32422,57578.32422,56985.60547,57324.30078,57324.30078,1068805,VCB.VN
10/19/2022,57493.64844,57578.32422,56985.60547,57493.64844,57493.64844,822448,VCB.VN
10/20/2022,57493.64844,59271.80469,56816.25781,58594.41016,58594.41016,1862770,VCB.VN
10/21/2022,58594.41016,59864.52344,57578.32422,57578.32422,57578.32422,1718000,VCB.VN
10/24/2022,58848.43359,58848.43359,55715.49609,57578.32422,57578.32422,1032312,VCB.VN
10/25/2022,55884.84375,59779.84766,55884.84375,59187.12891,59187.12891,2000850,VCB.VN
10/26/2022,59779.84766,59779.84766,58001.69531,59271.80469,59271.80469,769303,VCB.VN
10/27/2022,59695.17188,61727.35156,58679.08594,60711.26172,60711.26172,1532701,VCB.VN
10/28/2022,61388.65234,63082.13281,60626.58594,60626.58594,60626.58594,1843541,VCB.VN
10/31/2022,62235.39453,62235.39453,61388.65234,62235.39453,62235.39453,778751,VCB.VN
11/1/2022,62658.76563,63505.50391,62066.04688,63505.50391,63505.50391,975624,VCB.VN
11/2/2022,62658.76563,63082.13281,60965.28516,62320.06641,62320.06641,1482273,VCB.VN
11/3/2022,60965.28516,62150.71875,60965.28516,61812.02344,61812.02344,891182,VCB.VN
11/4/2022,60541.91406,61388.65234,58340.39063,60795.9375,60795.9375,1863618,VCB.VN
11/7/2022,60795.9375,61812.02344,60203.21875,60795.9375,60795.9375,2078560,VCB.VN
11/8/2022,60965.28516,63505.50391,60626.58594,61473.32813,61473.32813,2667760,VCB.VN
11/9/2022,62235.39453,62828.11328,61473.32813,62658.76563,62658.76563,1434678,VCB.VN
11/10/2022,62574.08984,62574.08984,60626.58594,61642.67578,61642.67578,1792167,VCB.VN
11/11/2022,61812.02344,63928.875,61812.02344,63928.875,63928.875,2281219,VCB.VN
11/14/2022,63928.875,64775.61328,62743.4375,63590.17969,63590.17969,2168906,VCB.VN
11/15/2022,62997.46094,64690.94141,61049.95703,63505.50391,63505.50391,2364125,VCB.VN
11/16/2022,59525.82422,66045.72656,59525.82422,63590.17969,63590.17969,3920683,VCB.VN
11/17/2022,64436.91797,64860.28906,63928.875,64775.61328,64775.61328,2179771,VCB.VN
11/18/2022,64267.57031,65114.30859,62320.06641,64775.61328,64775.61328,1848028,VCB.VN
11/21/2022,64775.61328,64775.61328,63505.50391,63505.50391,63505.50391,1446606,VCB.VN
11/22/2022,63082.13281,64352.24219,61388.65234,62235.39453,62235.39453,2286416,VCB.VN
11/23/2022,61812.02344,62235.39453,61303.98047,62235.39453,62235.39453,2093913,VCB.VN
11/24/2022,62235.39453,62658.76563,61388.65234,61812.02344,61812.02344,1340435,VCB.VN
11/25/2022,61896.69922,62320.06641,61642.67578,61896.69922,61896.69922,2214493,VCB.VN
11/28/2022,63082.13281,65198.98438,62489.41406,64944.96094,64944.96094,2783498,VCB.VN
11/29/2022,64352.24219,67569.85938,64352.24219,67569.85938,67569.85938,2016439,VCB.VN
11/30/2022,67993.22656,68585.94531,65198.98438,68585.94531,68585.94531,1722606,VCB.VN
12/1/2022,68501.27344,68924.64063,67061.8125,67739.20313,67739.20313,1392280,VCB.VN
12/2/2022,67654.53125,71972.90625,67146.48438,71972.90625,71972.90625,1626591,VCB.VN
12/5/2022,71210.83594,73666.38281,69856.05469,71972.90625,71972.90625,1965184,VCB.VN
12/6/2022,71972.90625,72142.25,67739.20313,67739.20313,67739.20313,1627418,VCB.VN
12/7/2022,67739.20313,69432.6875,66045.72656,66469.09375,66469.09375,1877553,VCB.VN
12/8/2022,66892.46094,68585.94531,65198.98438,65198.98438,65198.98438,2928525,VCB.VN
12/9/2022,66384.42188,67061.8125,65283.65625,65453.00781,65453.00781,2066868,VCB.VN
12/12/2022,66723.11719,68162.57031,65537.67969,65537.67969,65537.67969,2841131,VCB.VN
12/13/2022,66130.39844,67146.48438,65961.04688,66215.07031,66215.07031,2636582,VCB.VN
12/14/2022,67485.17969,67485.17969,66469.09375,66723.11719,66723.11719,1471880,VCB.VN
12/15/2022,66723.11719,68331.92188,66553.76563,67315.83594,67315.83594,1476722,VCB.VN
12/16/2022,67315.83594,70194.75,66807.78906,67485.17969,67485.17969,4028036,VCB.VN
12/19/2022,67739.20313,68585.94531,66892.46094,67061.8125,67061.8125,894607,VCB.VN
12/20/2022,67485.17969,69432.6875,66892.46094,66892.46094,66892.46094,1842832,VCB.VN
12/21/2022,68924.64063,68924.64063,66638.44531,66638.44531,66638.44531,1136122,VCB.VN
12/22/2022,67315.83594,68670.61719,67146.48438,67146.48438,67146.48438,1299454,VCB.VN
12/23/2022,67908.55469,68755.28906,66977.14063,66977.14063,66977.14063,1635921,VCB.VN
12/26/2022,67061.8125,68416.59375,66807.78906,66807.78906,66807.78906,1421451,VCB.VN
12/27/2022,67908.55469,68162.57031,66807.78906,66977.14063,66977.14063,1410114,VCB.VN
12/28/2022,68077.89844,69432.6875,67315.83594,67739.20313,67739.20313,1385903,VCB.VN
12/29/2022,69686.70313,69856.05469,68162.57031,68331.92188,68331.92188,1621985,VCB.VN
12/30/2022,70194.75,70364.10156,67739.20313,67739.20313,67739.20313,1784372,VCB.VN
1/2/2023,,,,,,,VCB.VN
1/3/2023,67908.55469,69940.72656,67908.55469,69940.72656,69940.72656,1287053,VCB.VN
1/4/2023,70194.75,70194.75,69263.33594,70110.07813,70110.07813,1150175,VCB.VN
1/5/2023,70110.07813,71126.16406,69856.05469,71126.16406,71126.16406,1273826,VCB.VN
1/6/2023,71126.16406,71803.55469,71041.49219,71126.16406,71126.16406,1489831,VCB.VN
1/9/2023,72650.29688,73581.71094,71803.55469,73581.71094,73581.71094,1968845,VCB.VN
1/10/2023,72988.99219,76121.92969,72988.99219,73920.40625,73920.40625,2596428,VCB.VN
1/11/2023,73920.40625,73920.40625,72057.57813,72057.57813,72057.57813,1550653,VCB.VN
1/12/2023,72142.25,72142.25,70956.8125,71803.55469,71803.55469,2320665,VCB.VN
1/13/2023,72142.25,73243.01563,72142.25,72650.29688,72650.29688,970782,VCB.VN
1/16/2023,72819.64063,74936.49219,72819.64063,73920.40625,73920.40625,1221154,VCB.VN
1/17/2023,74936.49219,75698.5625,73920.40625,75698.5625,75698.5625,761272,VCB.VN
1/18/2023,76206.60156,77053.34375,75698.5625,76206.60156,76206.60156,1044004,VCB.VN
1/19/2023,75783.23438,81287.04688,74089.75781,78746.82813,78746.82813,2098400,VCB.VN
1/20/2023,,,,,,,VCB.VN
1/23/2023,,,,,,,VCB.VN
1/24/2023,,,,,,,VCB.VN
1/25/2023,,,,,,,VCB.VN
1/26/2023,,,,,,,VCB.VN
1/27/2023,78746.82813,80101.60938,77476.71094,78746.82813,78746.82813,1872829,VCB.VN
1/30/2023,77984.75781,78323.45313,76037.25781,76121.92969,76121.92969,1234145,VCB.VN
1/31/2023,76121.92969,77815.41406,74343.77344,77815.41406,77815.41406,1811299,VCB.VN
2/1/2023,77900.08594,78323.45313,75444.53906,75444.53906,75444.53906,1342088,VCB.VN
2/2/2023,75021.17188,77900.08594,75021.17188,76714.64844,76714.64844,1217138,VCB.VN
2/3/2023,76460.625,78746.82813,75444.53906,78746.82813,78746.82813,1102345,VCB.VN
2/6/2023,78408.125,81541.07031,77476.71094,81287.04688,81287.04688,1688239,VCB.VN
2/7/2023,80694.32813,80863.67188,77900.08594,77900.08594,77900.08594,1735125,VCB.VN
2/8/2023,77984.75781,81456.39063,77984.75781,79762.91406,79762.91406,1122894,VCB.VN
2/9/2023,79424.21875,80440.30469,78746.82813,78746.82813,78746.82813,992394,VCB.VN
2/10/2023,80016.9375,80016.9375,78577.47656,80016.9375,80016.9375,842879,VCB.VN
2/13/2023,80270.95313,80779,77900.08594,79170.19531,79170.19531,1054278,VCB.VN
2/14/2023,79170.19531,79170.19531,77222.69531,78323.45313,78323.45313,1391336,VCB.VN
2/15/2023,78323.45313,79762.91406,77222.69531,78746.82813,78746.82813,1062073,VCB.VN
2/16/2023,78746.82813,79593.5625,78069.42969,78238.78125,78238.78125,995110,VCB.VN
2/17/2023,78746.82813,79000.84375,77900.08594,78746.82813,78746.82813,1121005,VCB.VN
2/20/2023,78746.82813,80016.9375,78746.82813,79424.21875,79424.21875,1371141,VCB.VN
2/21/2023,79762.91406,80355.63281,79593.5625,79762.91406,79762.91406,821385,VCB.VN
2/22/2023,79762.91406,79847.58594,78323.45313,78746.82813,78746.82813,1265441,VCB.VN
2/23/2023,78746.82813,79593.5625,77222.69531,79000.84375,79000.84375,1234971,VCB.VN
2/24/2023,78746.82813,79593.5625,76206.60156,79170.19531,79170.19531,847249,VCB.VN
2/27/2023,78746.82813,79170.19531,77646.0625,78577.47656,78577.47656,615301,VCB.VN
2/28/2023,78831.5,79339.53906,78408.125,79170.19531,79170.19531,739069,VCB.VN
3/1/2023,78154.10938,79085.52344,78069.42969,78746.82813,78746.82813,916101,VCB.VN
3/2/2023,78746.82813,79424.21875,77730.73438,78916.17188,78916.17188,1162930,VCB.VN
3/3/2023,77730.73438,78577.47656,76968.67188,76968.67188,76968.67188,1021092,VCB.VN
3/6/2023,77053.34375,78069.42969,77053.34375,77053.34375,77053.34375,840753,VCB.VN
3/7/2023,77476.71094,78323.45313,77138.01563,77815.41406,77815.41406,1243947,VCB.VN
3/8/2023,77053.34375,78069.42969,76799.32031,78069.42969,78069.42969,1029713,VCB.VN
3/9/2023,77900.08594,79085.52344,77646.0625,78746.82813,78746.82813,1320476,VCB.VN
3/10/2023,78069.42969,78323.45313,77476.71094,77984.75781,77984.75781,913857,VCB.VN
3/13/2023,77900.08594,77900.08594,76884,77476.71094,77476.71094,896615,VCB.VN
3/14/2023,77053.34375,77222.69531,76629.97656,77053.34375,77053.34375,1070812,VCB.VN
3/15/2023,77561.39063,77900.08594,77138.01563,77392.03906,77392.03906,1004794,VCB.VN
3/16/2023,77053.34375,77900.08594,75783.23438,77053.34375,77053.34375,951886,VCB.VN
3/17/2023,77053.34375,77138.01563,75359.86719,75359.86719,75359.86719,2683468,VCB.VN
3/20/2023,75359.86719,75783.23438,72057.57813,72057.57813,72057.57813,1271937,VCB.VN
3/21/2023,72311.60156,76121.92969,72311.60156,73243.01563,73243.01563,1385785,VCB.VN
3/22/2023,73327.6875,76121.92969,73327.6875,75359.86719,75359.86719,1297682,VCB.VN
3/23/2023,75190.51563,76799.32031,73920.40625,76799.32031,76799.32031,2297635,VCB.VN
3/24/2023,77053.34375,77053.34375,75275.1875,75359.86719,75359.86719,794813,VCB.VN
3/27/2023,75359.86719,77053.34375,74513.125,77053.34375,77053.34375,975624,VCB.VN
3/28/2023,76884,78662.14844,76291.28125,77730.73438,77730.73438,1049672,VCB.VN
3/29/2023,78323.45313,78323.45313,76629.97656,78154.10938,78154.10938,499326,VCB.VN
3/30/2023,78154.10938,78916.17188,77900.08594,78492.80469,78492.80469,715331,VCB.VN
3/31/2023,78577.47656,78916.17188,76629.97656,77392.03906,77392.03906,1220681,VCB.VN
4/3/2023,77646.0625,78662.14844,77222.69531,78577.47656,78577.47656,959798,VCB.VN
4/4/2023,78577.47656,78662.14844,77561.39063,77900.08594,77900.08594,369534,VCB.VN
4/5/2023,78154.10938,78154.10938,77138.01563,77984.75781,77984.75781,510192,VCB.VN
4/6/2023,77476.71094,77984.75781,77222.69531,77222.69531,77222.69531,495193,VCB.VN
4/7/2023,77053.34375,77138.01563,75783.23438,76206.60156,76206.60156,995819,VCB.VN
4/10/2023,76206.60156,76206.60156,75359.86719,75359.86719,75359.86719,805796,VCB.VN
4/11/2023,75359.86719,76206.60156,74682.46875,74682.46875,74682.46875,977395,VCB.VN
4/12/2023,74767.14844,75021.17188,74513.125,74767.14844,74767.14844,686633,VCB.VN
4/13/2023,74767.14844,74936.49219,74343.77344,74682.46875,74682.46875,669627,VCB.VN
4/14/2023,74767.14844,75444.53906,74682.46875,74851.82031,74851.82031,564281,VCB.VN
4/17/2023,74851.82031,74936.49219,74343.77344,74851.82031,74851.82031,667146,VCB.VN
4/18/2023,74767.14844,75021.17188,74089.75781,74513.125,74513.125,895316,VCB.VN
4/19/2023,74597.79688,75105.84375,74513.125,74936.49219,74936.49219,582114,VCB.VN
4/20/2023,75190.51563,75190.51563,74513.125,74767.14844,74767.14844,304461,VCB.VN
4/21/2023,74513.125,74597.79688,74005.07813,74089.75781,74089.75781,1247726,VCB.VN
4/24/2023,74513.125,74936.49219,73666.38281,74428.45313,74428.45313,691121,VCB.VN
4/25/2023,74682.46875,74936.49219,74089.75781,74767.14844,74767.14844,668209,VCB.VN
4/26/2023,74513.125,75783.23438,74428.45313,75698.5625,75698.5625,4778295,VCB.VN
4/27/2023,75105.84375,76629.97656,74851.82031,76206.60156,76206.60156,851855,VCB.VN
4/28/2023,76206.60156,76629.97656,75190.51563,76629.97656,76629.97656,874766,VCB.VN
5/1/2023,,,,,,,VCB.VN
5/2/2023,,,,,,,VCB.VN
5/3/2023,,,,,,,VCB.VN
5/4/2023,76206.60156,76206.60156,74936.49219,74936.49219,74936.49219,660179,VCB.VN
5/5/2023,74936.49219,76121.92969,74682.46875,76037.25781,76037.25781,709190,VCB.VN
5/8/2023,76206.60156,78916.17188,76037.25781,78746.82813,78746.82813,1846139,VCB.VN
5/9/2023,78746.82813,79508.89063,78154.10938,78154.10938,78154.10938,1203911,VCB.VN
5/10/2023,77815.41406,78746.82813,77561.39063,77900.08594,77900.08594,968892,VCB.VN
5/11/2023,77900.08594,77984.75781,77053.34375,77053.34375,77053.34375,804969,VCB.VN
5/12/2023,77053.34375,78577.47656,76884,78577.47656,78577.47656,1055223,VCB.VN
5/15/2023,77900.08594,78746.82813,77222.69531,77646.0625,77646.0625,801782,VCB.VN
5/16/2023,77900.08594,78831.5,77307.36719,78408.125,78408.125,1064789,VCB.VN
5/17/2023,78323.45313,78746.82813,78154.10938,78577.47656,78577.47656,942319,VCB.VN
5/18/2023,78662.14844,81287.04688,78069.42969,80440.30469,80440.30469,2237758,VCB.VN
5/19/2023,80016.9375,80355.63281,78408.125,79762.91406,79762.91406,720291,VCB.VN
5/22/2023,78746.82813,79508.89063,78069.42969,78831.5,78831.5,785719,VCB.VN
5/23/2023,78746.82813,79254.86719,77984.75781,78577.47656,78577.47656,671752,VCB.VN
5/24/2023,78577.47656,78577.47656,77815.41406,78408.125,78408.125,454921,VCB.VN
5/25/2023,78408.125,79593.5625,77392.03906,78916.17188,78916.17188,740014,VCB.VN
5/26/2023,78916.17188,79170.19531,77900.08594,77900.08594,77900.08594,1212532,VCB.VN
5/29/2023,77900.08594,80440.30469,77900.08594,78831.5,78831.5,744620,VCB.VN
5/30/2023,78831.5,80270.95313,78238.78125,80016.9375,80016.9375,1544157,VCB.VN
5/31/2023,79508.89063,79678.24219,78831.5,79593.5625,79593.5625,496138,VCB.VN
6/1/2023,80101.60938,80101.60938,78916.17188,79508.89063,79508.89063,840045,VCB.VN
6/2/2023,79508.89063,80440.30469,79000.84375,80355.63281,80355.63281,1721661,VCB.VN
6/5/2023,80609.65625,83573.24219,80609.65625,82980.52344,82980.52344,1609467,VCB.VN
6/6/2023,82980.52344,83827.26563,81710.41406,83827.26563,83827.26563,920589,VCB.VN
6/7/2023,83827.26563,83827.26563,82133.78125,82133.78125,82133.78125,938422,VCB.VN
6/8/2023,82133.78125,86113.46094,82133.78125,84674.00781,84674.00781,1605451,VCB.VN
6/9/2023,84674.00781,86367.48438,83827.26563,85097.375,85097.375,1264969,VCB.VN
6/12/2023,84589.32813,85944.11719,83065.19531,85520.74219,85520.74219,537473,VCB.VN
6/13/2023,84674.00781,87214.22656,84419.98438,86790.85156,86790.85156,1102935,VCB.VN
6/14/2023,86706.17969,88060.96875,85944.11719,86875.53125,86875.53125,1016250,VCB.VN
6/15/2023,86790.85156,87806.94531,86028.78906,87637.59375,87637.59375,1248435,VCB.VN
6/16/2023,88230.3125,90093.14063,87383.57031,88907.70313,88907.70313,1596475,VCB.VN
6/19/2023,87722.26563,88145.64063,86113.46094,86113.46094,86113.46094,1434798,VCB.VN
6/20/2023,85605.42188,85605.42188,84504.65625,84589.32813,84589.32813,2302370,VCB.VN
6/21/2023,84419.98438,85097.375,84419.98438,84674.00781,84674.00781,1467864,VCB.VN
6/22/2023,86367.48438,86367.48438,84589.32813,85012.70313,85012.70313,1058766,VCB.VN
6/23/2023,85012.70313,85012.70313,84250.63281,84589.32813,84589.32813,936769,VCB.VN
6/26/2023,83911.9375,85436.07031,83911.9375,84674.00781,84674.00781,953303,VCB.VN
6/27/2023,84674.00781,85520.74219,84419.98438,84674.00781,84674.00781,845477,VCB.VN
6/28/2023,84674.00781,86536.83594,84504.65625,85605.42188,85605.42188,1056051,VCB.VN
6/29/2023,86198.14063,87214.22656,85605.42188,86282.8125,86282.8125,1178165,VCB.VN
6/30/2023,85605.42188,86198.14063,84674.00781,84674.00781,84674.00781,743557,VCB.VN
7/3/2023,84674.00781,85351.39844,84504.65625,84674.00781,84674.00781,578808,VCB.VN
7/4/2023,85266.72656,86282.8125,84589.32813,84674.00781,84674.00781,927911,VCB.VN
7/5/2023,85520.74219,86790.85156,84928.02344,86367.48438,86367.48438,2968325,VCB.VN
7/6/2023,86452.15625,86536.83594,85097.375,85266.72656,85266.72656,2183669,VCB.VN
7/7/2023,85097.375,88907.70313,85012.70313,88907.70313,88907.70313,2449749,VCB.VN
7/10/2023,88823.03125,88823.03125,86621.50781,86960.20313,86960.20313,2058601,VCB.VN
7/11/2023,86198.14063,88907.70313,86198.14063,87214.22656,87214.22656,2943760,VCB.VN
7/12/2023,86960.20313,88484.33594,86960.20313,88060.96875,88060.96875,1028414,VCB.VN
7/13/2023,88907.70313,88907.70313,87806.94531,88823.03125,88823.03125,1987977,VCB.VN
7/14/2023,88823.03125,88907.70313,88060.96875,88907.70313,88907.70313,1545574,VCB.VN
7/17/2023,88907.70313,88907.70313,88230.3125,88738.35938,88738.35938,1525380,VCB.VN
7/18/2023,88823.03125,88907.70313,88314.98438,88314.98438,88314.98438,975506,VCB.VN
7/19/2023,88569.00781,90685.85938,88569.00781,90177.8125,90177.8125,3054302,VCB.VN
7/20/2023,89331.07813,90093.14063,87722.26563,88907.70313,88907.70313,1038813,VCB.VN
7/21/2023,88907.70313,88907.70313,88060.96875,88907.70313,88907.70313,2153467,VCB.VN
7/24/2023,88992.38281,89246.39844,88484.33594,88569.00781,88569.00781,1079105,VCB.VN
7/25/2023,,,,,,,VCB.VN
7/26/2023,91900,93400,91900,93400,93400,1737418,VCB.VN
7/27/2023,,,,,,,VCB.VN
7/28/2023,92700,93000,91800,93000,93000,1207918,VCB.VN
7/31/2023,,,,,,,VCB.VN
8/1/2023,,,,,,,VCB.VN
8/2/2023,,,,,,,VCB.VN
8/3/2023,91500,91500,90500,90600,90600,970917,VCB.VN
8/4/2023,90700,91100,90100,90100,90100,1231617,VCB.VN
8/7/2023,90100,90800,90000,90800,90800,1244726,VCB.VN
8/8/2023,90800,91200,90100,90700,90700,823421,VCB.VN
8/9/2023,90700,90900,90100,90200,90200,703631,VCB.VN
8/10/2023,90500,90500,88500,88500,88500,1427128,VCB.VN
8/11/2023,88500,90400,88500,90400,90400,940830,VCB.VN
8/14/2023,90300,90300,89000,89000,89000,1584830,VCB.VN
8/15/2023,90000,90000,88500,88900,88900,1168516,VCB.VN
8/16/2023,88800,89400,88700,89200,89200,840335,VCB.VN
8/17/2023,89200,89800,88600,89400,89400,2165117,VCB.VN
8/18/2023,89800,90300,89000,89500,89500,2543404,VCB.VN
8/21/2023,89700,90200,89200,89800,89800,1730933,VCB.VN
8/22/2023,89500,89700,87800,88400,88400,1938024,VCB.VN
8/23/2023,88900,88900,86100,86300,86300,1774811,VCB.VN
8/24/2023,86300,88200,86000,87000,87000,973803,VCB.VN
8/25/2023,86200,87000,86000,86200,86200,1466600,VCB.VN
8/28/2023,86400,87500,86200,87000,87000,1448900,VCB.VN
8/29/2023,87000,88500,86900,88400,88400,1453903,VCB.VN
8/30/2023,88500,89500,88500,89100,89100,1401002,VCB.VN
8/31/2023,89100,89600,88300,89100,89100,2470000,VCB.VN
9/1/2023,,,,,,,VCB.VN
9/4/2023,,,,,,,VCB.VN
9/5/2023,89100,90700,89100,90100,90100,2013202,VCB.VN
9/6/2023,90200,90200,89700,90200,90200,2057603,VCB.VN
9/7/2023,90000,90800,89500,89500,89500,1958302,VCB.VN
9/8/2023,89500,89500,89100,89500,89500,1381905,VCB.VN
9/11/2023,89600,90000,88000,88500,88500,2592500,VCB.VN
9/12/2023,89000,90000,88900,89900,89900,1612100,VCB.VN
9/13/2023,90000,90000,88900,89100,89100,1675000,VCB.VN
9/14/2023,89000,89500,88100,89100,89100,1552600,VCB.VN
9/15/2023,88900,89800,88600,89800,89800,2235400,VCB.VN
9/18/2023,89500,89700,88300,88800,88800,789102,VCB.VN
9/19/2023,88800,89200,86000,88100,88100,1210203,VCB.VN
9/20/2023,88100,88400,86400,88000,88000,1057027,VCB.VN
9/21/2023,88000,88000,86800,87000,87000,1359910,VCB.VN
9/22/2023,86400,89500,86000,89300,89300,2679610,VCB.VN
9/25/2023,89000,89500,88300,89300,89300,2303421,VCB.VN
9/26/2023,89200,89400,86900,87000,87000,1663215,VCB.VN
9/27/2023,87600,89000,87000,87800,87800,1368902,VCB.VN
9/28/2023,87200,88300,86600,88000,88000,1065102,VCB.VN
9/29/2023,88300,88300,87100,87500,87500,613316,VCB.VN
10/2/2023,87100,87200,86500,86500,86500,765716,VCB.VN
10/3/2023,86500,86700,85800,86300,86300,1066600,VCB.VN
10/4/2023,86300,86300,85300,86300,86300,922800,VCB.VN
10/5/2023,86000,86000,84500,84500,84500,1014000,VCB.VN
10/6/2023,84500,85400,83500,85400,85400,800900,VCB.VN
10/9/2023,85400,85400,84000,84600,84600,1212100,VCB.VN
10/10/2023,84600,86200,84600,86100,86100,802101,VCB.VN
10/11/2023,86200,86500,85700,86500,86500,815401,VCB.VN
10/12/2023,86900,86900,85500,86000,86000,882100,VCB.VN
10/13/2023,86000,86600,85500,86600,86600,788100,VCB.VN
10/16/2023,85600,86600,85600,86100,86100,551300,VCB.VN
10/17/2023,86100,86500,85500,85900,85900,488400,VCB.VN
10/18/2023,85500,86000,85000,85900,85900,1266400,VCB.VN
10/19/2023,85500,86000,84100,84500,84500,1408600,VCB.VN
10/20/2023,83500,85300,82700,84800,84800,938400,VCB.VN
10/23/2023,84500,84500,82500,84500,84500,1130600,VCB.VN
10/24/2023,84500,86500,83900,86000,86000,994000,VCB.VN
10/25/2023,85100,85800,84600,85800,85800,924100,VCB.VN
10/26/2023,85000,86000,83500,84500,84500,1520300,VCB.VN
10/27/2023,84600,85000,83800,85000,85000,911400,VCB.VN
10/30/2023,83500,86000,83500,85900,85900,618900,VCB.VN
10/31/2023,85900,86900,84900,86800,86800,1438300,VCB.VN
11/1/2023,86800,87800,86100,87800,87800,1550100,VCB.VN
11/2/2023,88000,89000,86600,89000,89000,1114500,VCB.VN
11/3/2023,89000,89400,88100,88900,88900,1157600,VCB.VN
11/6/2023,88900,89800,88500,89500,89500,833800,VCB.VN
11/7/2023,89000,89300,88300,88300,88300,518900,VCB.VN
11/8/2023,88000,89700,87900,89500,89500,1329300,VCB.VN
11/9/2023,89500,89500,87900,87900,87900,2291800,VCB.VN
11/10/2023,87100,87500,86000,86000,86000,1411000,VCB.VN
11/13/2023,86000,86100,85400,85500,85500,3242786,VCB.VN
11/14/2023,86000,86500,85400,86000,86000,1086500,VCB.VN
11/15/2023,86500,87700,86500,87700,87700,4172800,VCB.VN
11/16/2023,87000,88000,86700,88000,88000,1343800,VCB.VN
11/17/2023,87800,87900,85500,85600,85600,1693000,VCB.VN
